year;Estudios de Género;Ciencias Sociales
2004;1;1
2005;1.22815534;1.075441153
2006;1.549237171;1.24902056
2007;1.805131761;1.432790999
2008;2.042995839;1.54679456
2009;2.205270458;1.672858993
2010;2.44590846;1.764651125
2011;2.669209431;1.921442448
2012;2.767683773;2.061235227
2013;3.061026352;2.263307431
2014;3.158113731;2.334158977
2015;3.385575589;2.352185527
2016;3.474341193;2.415428201
2017;3.629680999;2.524745022
2018;3.934119279;2.640586045
